time,jst,open,high,low,close,volume
2025-09-30 15:00:00+00:00,2025-10-01 00:00:00+09:00,44634.53,44674.53,44562.03,44639.53,2923
2025-09-30 16:00:00+00:00,2025-10-01 01:00:00+09:00,44637.03,44747.03,44632.03,44729.53,1912
2025-09-30 17:00:00+00:00,2025-10-01 02:00:00+09:00,44732.03,44802.03,44699.53,44724.53,1365
2025-09-30 18:00:00+00:00,2025-10-01 03:00:00+09:00,44722.03,44732.03,44647.03,44677.03,1126
2025-09-30 19:00:00+00:00,2025-10-01 04:00:00+09:00,44677.03,44747.03,44659.53,44744.53,1029
2025-09-30 20:00:00+00:00,2025-10-01 05:00:00+09:00,44747.03,44819.53,44734.53,44789.53,1135
2025-09-30 21:00:00+00:00,2025-10-01 06:00:00+09:00,44792.03,44814.53,44747.03,44804.53,660
2025-09-30 23:00:00+00:00,2025-10-01 08:00:00+09:00,44837.79,44885.29,44822.79,44845.29,299
2025-10-01 00:00:00+00:00,2025-10-01 09:00:00+09:00,44855.29,44865.29,44715.29,44780.29,609
2025-10-01 01:00:00+00:00,2025-10-01 10:00:00+09:00,44785.29,44880.29,44457.79,44665.29,3812
2025-10-01 02:00:00+00:00,2025-10-01 11:00:00+09:00,44670.29,44722.79,44395.29,44395.29,2104
2025-10-01 03:00:00+00:00,2025-10-01 12:00:00+09:00,44395.29,44470.29,44360.29,44410.29,1381
2025-10-01 04:00:00+00:00,2025-10-01 13:00:00+09:00,44415.29,44490.29,44357.79,44465.29,1391
2025-10-01 05:00:00+00:00,2025-10-01 14:00:00+09:00,44465.29,44585.29,44465.29,44500.29,1377
2025-10-01 06:00:00+00:00,2025-10-01 15:00:00+09:00,44495.29,44617.79,44457.79,44575.29,1414
2025-10-01 07:00:00+00:00,2025-10-01 16:00:00+09:00,44575.29,44635.29,44337.79,44367.79,1980
2025-10-01 08:00:00+00:00,2025-10-01 17:00:00+09:00,44367.79,44420.29,44312.79,44372.79,1515
2025-10-01 09:00:00+00:00,2025-10-01 18:00:00+09:00,44372.79,44505.29,44310.29,44505.29,1984
2025-10-01 10:00:00+00:00,2025-10-01 19:00:00+09:00,44502.79,44612.79,44492.79,44577.79,1167
2025-10-01 11:00:00+00:00,2025-10-01 20:00:00+09:00,44577.79,44627.79,44535.29,44545.29,900
2025-10-01 12:00:00+00:00,2025-10-01 21:00:00+09:00,44547.79,44672.79,44545.29,44662.79,980
2025-10-01 13:00:00+00:00,2025-10-01 22:00:00+09:00,44660.29,44682.79,44575.29,44637.79,1963
2025-10-01 14:00:00+00:00,2025-10-01 23:00:00+09:00,44637.79,44772.79,44627.79,44712.79,2390
2025-10-01 15:00:00+00:00,2025-10-02 00:00:00+09:00,44712.79,44805.29,44685.29,44692.79,2584
2025-10-01 16:00:00+00:00,2025-10-02 01:00:00+09:00,44690.29,44742.79,44672.79,44687.79,1505
2025-10-01 17:00:00+00:00,2025-10-02 02:00:00+09:00,44687.79,44772.79,44685.29,44707.79,880
2025-10-01 18:00:00+00:00,2025-10-02 03:00:00+09:00,44707.79,44752.79,44697.79,44737.79,725
2025-10-01 19:00:00+00:00,2025-10-02 04:00:00+09:00,44737.79,44807.79,44727.79,44777.79,704
2025-10-01 20:00:00+00:00,2025-10-02 05:00:00+09:00,44777.79,44802.79,44762.79,44765.29,626
2025-10-01 21:00:00+00:00,2025-10-02 06:00:00+09:00,44767.79,44785.29,44732.79,44780.29,418
2025-10-01 23:00:00+00:00,2025-10-02 08:00:00+09:00,44791.04,44791.04,44766.04,44786.04,118
2025-10-02 00:00:00+00:00,2025-10-02 09:00:00+09:00,44788.54,44891.04,44768.54,44891.04,587
2025-10-02 01:00:00+00:00,2025-10-02 10:00:00+09:00,44891.04,45136.04,44711.04,44746.04,3236
2025-10-02 02:00:00+00:00,2025-10-02 11:00:00+09:00,44741.04,44851.04,44663.54,44831.04,1777
2025-10-02 03:00:00+00:00,2025-10-02 12:00:00+09:00,44831.04,44831.04,44676.04,44758.54,967
2025-10-02 04:00:00+00:00,2025-10-02 13:00:00+09:00,44758.54,44911.04,44718.54,44906.04,1212
2025-10-02 05:00:00+00:00,2025-10-02 14:00:00+09:00,44906.04,45026.04,44858.54,45006.04,1075
2025-10-02 06:00:00+00:00,2025-10-02 15:00:00+09:00,45006.04,45101.04,44973.54,45041.04,1062
2025-10-02 07:00:00+00:00,2025-10-02 16:00:00+09:00,45041.04,45046.04,44933.54,44963.54,1447
2025-10-02 08:00:00+00:00,2025-10-02 17:00:00+09:00,44963.54,44998.54,44923.54,44958.54,927
2025-10-02 09:00:00+00:00,2025-10-02 18:00:00+09:00,44958.54,45026.04,44928.54,44963.54,1460
2025-10-02 10:00:00+00:00,2025-10-02 19:00:00+09:00,44963.54,44966.04,44873.54,44921.04,932
2025-10-02 11:00:00+00:00,2025-10-02 20:00:00+09:00,44918.54,45013.54,44913.54,45008.54,727
2025-10-02 12:00:00+00:00,2025-10-02 21:00:00+09:00,45011.04,45093.54,45003.54,45066.04,574
2025-10-02 13:00:00+00:00,2025-10-02 22:00:00+09:00,45063.54,45163.54,45033.54,45131.04,624
2025-10-02 14:00:00+00:00,2025-10-02 23:00:00+09:00,45128.54,45173.54,45061.04,45093.54,1957
2025-10-02 15:00:00+00:00,2025-10-03 00:00:00+09:00,45091.04,45106.04,44896.04,44901.04,2700
2025-10-02 16:00:00+00:00,2025-10-03 01:00:00+09:00,44898.54,45028.54,44883.54,45023.54,2361
2025-10-02 17:00:00+00:00,2025-10-03 02:00:00+09:00,45021.04,45031.04,44976.04,45018.54,1288
2025-10-02 18:00:00+00:00,2025-10-03 03:00:00+09:00,45013.54,45013.54,44961.04,44988.54,922
2025-10-02 19:00:00+00:00,2025-10-03 04:00:00+09:00,44988.54,45068.54,44988.54,45038.54,623
2025-10-02 20:00:00+00:00,2025-10-03 05:00:00+09:00,45038.54,45068.54,45011.04,45036.04,648
2025-10-02 21:00:00+00:00,2025-10-03 06:00:00+09:00,45038.54,45048.54,44983.54,44991.04,377
2025-10-02 23:00:00+00:00,2025-10-03 08:00:00+09:00,45009.3,45021.8,44936.8,44946.8,145
2025-10-03 00:00:00+00:00,2025-10-03 09:00:00+09:00,44946.8,45096.8,44876.8,45096.8,503
2025-10-03 01:00:00+00:00,2025-10-03 10:00:00+09:00,45091.8,45591.8,45066.8,45561.8,2780
2025-10-03 02:00:00+00:00,2025-10-03 11:00:00+09:00,45561.8,45751.8,45521.8,45616.8,2826
2025-10-03 03:00:00+00:00,2025-10-03 12:00:00+09:00,45616.8,45701.8,45554.3,45574.3,1445
2025-10-03 04:00:00+00:00,2025-10-03 13:00:00+09:00,45571.8,45656.8,45566.8,45621.8,1182
2025-10-03 05:00:00+00:00,2025-10-03 14:00:00+09:00,45621.8,45711.8,45591.8,45601.8,1105
2025-10-03 06:00:00+00:00,2025-10-03 15:00:00+09:00,45601.8,45766.8,45601.8,45729.3,1252
2025-10-03 07:00:00+00:00,2025-10-03 16:00:00+09:00,45734.3,45896.8,45706.8,45876.8,1515
2025-10-03 08:00:00+00:00,2025-10-03 17:00:00+09:00,45879.3,45996.8,45869.3,45929.3,916
2025-10-03 09:00:00+00:00,2025-10-03 18:00:00+09:00,45929.3,46014.3,45884.3,45969.3,1432
2025-10-03 10:00:00+00:00,2025-10-03 19:00:00+09:00,45969.3,46104.3,45959.3,46089.3,757
2025-10-03 11:00:00+00:00,2025-10-03 20:00:00+09:00,46089.3,46099.3,46001.8,46004.3,597
2025-10-03 12:00:00+00:00,2025-10-03 21:00:00+09:00,46004.3,46021.8,45914.3,45951.8,981
2025-10-03 13:00:00+00:00,2025-10-03 22:00:00+09:00,45949.3,45954.3,45886.8,45901.8,983
2025-10-03 14:00:00+00:00,2025-10-03 23:00:00+09:00,45899.3,46069.3,45896.8,46006.8,1757
2025-10-03 15:00:00+00:00,2025-10-04 00:00:00+09:00,46006.8,46161.8,45949.3,46104.3,2674
2025-10-03 16:00:00+00:00,2025-10-04 01:00:00+09:00,46104.3,46139.3,46019.3,46124.3,1541
2025-10-03 17:00:00+00:00,2025-10-04 02:00:00+09:00,46121.8,46139.3,46099.3,46104.3,696
2025-10-03 18:00:00+00:00,2025-10-04 03:00:00+09:00,46101.8,46101.8,45846.8,45919.3,3146
2025-10-03 19:00:00+00:00,2025-10-04 04:00:00+09:00,45921.8,46024.3,45861.8,45999.3,2901
2025-10-03 20:00:00+00:00,2025-10-04 05:00:00+09:00,45999.3,46016.8,45946.8,45966.8,1546
2025-10-03 21:00:00+00:00,2025-10-04 06:00:00+09:00,45966.8,46029.3,45951.8,46016.8,482
2025-10-05 23:00:00+00:00,2025-10-06 08:00:00+09:00,47416.59,48231.59,47266.59,48134.09,1489
2025-10-06 00:00:00+00:00,2025-10-06 09:00:00+09:00,48134.09,48536.59,47596.59,47601.59,2977
2025-10-06 01:00:00+00:00,2025-10-06 10:00:00+09:00,47554.09,47786.59,47281.59,47639.09,7515
2025-10-06 02:00:00+00:00,2025-10-06 11:00:00+09:00,47639.09,47904.09,47561.59,47739.09,3145
2025-10-06 03:00:00+00:00,2025-10-06 12:00:00+09:00,47729.09,47939.09,47724.09,47844.09,1350
2025-10-06 04:00:00+00:00,2025-10-06 13:00:00+09:00,47839.09,47986.59,47784.09,47819.09,1877
2025-10-06 05:00:00+00:00,2025-10-06 14:00:00+09:00,47819.09,47956.59,47599.09,47954.09,2784
2025-10-06 06:00:00+00:00,2025-10-06 15:00:00+09:00,47954.09,48164.09,47919.09,48054.09,1606
2025-10-06 07:00:00+00:00,2025-10-06 16:00:00+09:00,48054.09,48164.09,47971.59,48124.09,2199
2025-10-06 08:00:00+00:00,2025-10-06 17:00:00+09:00,48126.59,48189.09,47981.59,48079.09,1636
2025-10-06 09:00:00+00:00,2025-10-06 18:00:00+09:00,48079.09,48291.59,48031.59,48156.59,3233
2025-10-06 10:00:00+00:00,2025-10-06 19:00:00+09:00,48156.59,48321.59,48091.59,48296.59,1597
2025-10-06 11:00:00+00:00,2025-10-06 20:00:00+09:00,48296.59,48311.59,48191.59,48296.59,1354
2025-10-06 12:00:00+00:00,2025-10-06 21:00:00+09:00,48291.59,48466.59,48236.59,48451.59,1832
2025-10-06 13:00:00+00:00,2025-10-06 22:00:00+09:00,48451.59,48471.59,48249.09,48331.59,3084
2025-10-06 14:00:00+00:00,2025-10-06 23:00:00+09:00,48336.59,48501.59,48324.09,48371.59,3144
2025-10-06 15:00:00+00:00,2025-10-07 00:00:00+09:00,48371.59,48561.59,48291.59,48541.59,3116
2025-10-06 16:00:00+00:00,2025-10-07 01:00:00+09:00,48539.09,48661.59,48531.59,48601.59,2004
2025-10-06 17:00:00+00:00,2025-10-07 02:00:00+09:00,48596.59,48646.59,48566.59,48634.09,1249
2025-10-06 18:00:00+00:00,2025-10-07 03:00:00+09:00,48631.59,48666.59,48561.59,48609.09,1054
2025-10-06 19:00:00+00:00,2025-10-07 04:00:00+09:00,48606.59,48634.09,48566.59,48624.09,615
2025-10-06 20:00:00+00:00,2025-10-07 05:00:00+09:00,48624.09,48644.09,48519.09,48521.59,910
2025-10-06 21:00:00+00:00,2025-10-07 06:00:00+09:00,48519.09,48566.59,48471.59,48529.09,557
2025-10-06 23:00:00+00:00,2025-10-07 08:00:00+09:00,48542.35,48619.85,48542.35,48559.85,259
2025-10-07 00:00:00+00:00,2025-10-07 09:00:00+09:00,48562.35,48574.85,48334.85,48359.85,1213
2025-10-07 01:00:00+00:00,2025-10-07 10:00:00+09:00,48359.85,48534.85,48034.85,48264.85,5270
2025-10-07 02:00:00+00:00,2025-10-07 11:00:00+09:00,48264.85,48402.35,48179.85,48244.85,3160
2025-10-07 03:00:00+00:00,2025-10-07 12:00:00+09:00,48244.85,48382.35,48184.85,48369.85,1690
2025-10-07 04:00:00+00:00,2025-10-07 13:00:00+09:00,48372.35,48404.85,48219.85,48314.85,1735
2025-10-07 05:00:00+00:00,2025-10-07 14:00:00+09:00,48319.85,48334.85,48129.85,48249.85,1644
2025-10-07 06:00:00+00:00,2025-10-07 15:00:00+09:00,48249.85,48259.85,47964.85,48009.85,2373
2025-10-07 07:00:00+00:00,2025-10-07 16:00:00+09:00,48004.85,48064.85,47852.35,47934.85,2794
2025-10-07 08:00:00+00:00,2025-10-07 17:00:00+09:00,47934.85,48027.35,47852.35,47977.35,1248
2025-10-07 09:00:00+00:00,2025-10-07 18:00:00+09:00,47977.35,48052.35,47832.35,48022.35,2386
2025-10-07 10:00:00+00:00,2025-10-07 19:00:00+09:00,48022.35,48069.85,48017.35,48064.85,962
2025-10-07 11:00:00+00:00,2025-10-07 20:00:00+09:00,48064.85,48069.85,48017.35,48017.35,696
2025-10-07 12:00:00+00:00,2025-10-07 21:00:00+09:00,48017.35,48057.35,47979.85,48057.35,775
2025-10-07 13:00:00+00:00,2025-10-07 22:00:00+09:00,48054.85,48142.35,48044.85,48132.35,1017
2025-10-07 14:00:00+00:00,2025-10-07 23:00:00+09:00,48127.35,48189.85,48097.35,48164.85,2325
2025-10-07 15:00:00+00:00,2025-10-08 00:00:00+09:00,48162.35,48179.85,48029.85,48082.35,2835
2025-10-07 16:00:00+00:00,2025-10-08 01:00:00+09:00,48079.85,48109.85,47772.35,47842.35,6128
2025-10-07 17:00:00+00:00,2025-10-08 02:00:00+09:00,47842.35,47952.35,47797.35,47892.35,3822
2025-10-07 18:00:00+00:00,2025-10-08 03:00:00+09:00,47892.35,47962.35,47877.35,47887.35,2479
2025-10-07 19:00:00+00:00,2025-10-08 04:00:00+09:00,47889.85,47992.35,47852.35,47982.35,1878
2025-10-07 20:00:00+00:00,2025-10-08 05:00:00+09:00,47979.85,47992.35,47909.85,47962.35,1299
2025-10-07 21:00:00+00:00,2025-10-08 06:00:00+09:00,47962.35,48022.35,47942.35,48004.85,444
2025-10-07 23:00:00+00:00,2025-10-08 08:00:00+09:00,47998.1,47998.1,47878.1,47923.1,156
2025-10-08 00:00:00+00:00,2025-10-08 09:00:00+09:00,47920.6,47970.6,47863.1,47890.6,969
2025-10-08 01:00:00+00:00,2025-10-08 10:00:00+09:00,47905.6,48185.6,47873.1,48070.6,4511
2025-10-08 02:00:00+00:00,2025-10-08 11:00:00+09:00,48070.6,48113.1,47910.6,47928.1,2853
2025-10-08 03:00:00+00:00,2025-10-08 12:00:00+09:00,47925.6,48058.1,47900.6,47975.6,1604
2025-10-08 04:00:00+00:00,2025-10-08 13:00:00+09:00,47975.6,48053.1,47915.6,47970.6,1536
2025-10-08 05:00:00+00:00,2025-10-08 14:00:00+09:00,47973.1,47985.6,47790.6,47815.6,1508
2025-10-08 06:00:00+00:00,2025-10-08 15:00:00+09:00,47815.6,47863.1,47770.6,47845.6,1683
2025-10-08 07:00:00+00:00,2025-10-08 16:00:00+09:00,47845.6,47883.1,47693.1,47763.1,1869
2025-10-08 08:00:00+00:00,2025-10-08 17:00:00+09:00,47765.6,47973.1,47738.1,47958.1,1315
2025-10-08 09:00:00+00:00,2025-10-08 18:00:00+09:00,47958.1,47985.6,47838.1,47923.1,1615
2025-10-08 10:00:00+00:00,2025-10-08 19:00:00+09:00,47925.6,48028.1,47925.6,47965.6,1217
2025-10-08 11:00:00+00:00,2025-10-08 20:00:00+09:00,47963.1,48015.6,47903.1,47985.6,1207
2025-10-08 12:00:00+00:00,2025-10-08 21:00:00+09:00,47973.1,48003.1,47873.1,47915.6,1376
2025-10-08 13:00:00+00:00,2025-10-08 22:00:00+09:00,47913.1,47918.1,47848.1,47878.1,1160
2025-10-08 14:00:00+00:00,2025-10-08 23:00:00+09:00,47878.1,47970.6,47823.1,47950.6,2125
2025-10-08 15:00:00+00:00,2025-10-09 00:00:00+09:00,47960.6,48025.6,47950.6,47978.1,1773
2025-10-08 16:00:00+00:00,2025-10-09 01:00:00+09:00,47978.1,48058.1,47978.1,47998.1,1109
2025-10-08 17:00:00+00:00,2025-10-09 02:00:00+09:00,48000.6,48078.1,47978.1,48028.1,864
2025-10-08 18:00:00+00:00,2025-10-09 03:00:00+09:00,48028.1,48048.1,48010.6,48033.1,726
2025-10-08 19:00:00+00:00,2025-10-09 04:00:00+09:00,48033.1,48063.1,47978.1,47988.1,1110
2025-10-08 20:00:00+00:00,2025-10-09 05:00:00+09:00,47988.1,48093.1,47970.6,48073.1,1005
2025-10-08 21:00:00+00:00,2025-10-09 06:00:00+09:00,48075.6,48175.6,48060.6,48128.1,383
2025-10-08 23:00:00+00:00,2025-10-09 08:00:00+09:00,48163.86,48178.86,48106.36,48153.86,193
2025-10-09 00:00:00+00:00,2025-10-09 09:00:00+09:00,48156.36,48176.36,48051.36,48156.36,811
2025-10-09 01:00:00+00:00,2025-10-09 10:00:00+09:00,48151.36,48421.36,48038.86,48411.36,3950
2025-10-09 02:00:00+00:00,2025-10-09 11:00:00+09:00,48411.36,48481.36,48261.36,48441.36,2971
2025-10-09 03:00:00+00:00,2025-10-09 12:00:00+09:00,48441.36,48461.36,48281.36,48373.86,1411
2025-10-09 04:00:00+00:00,2025-10-09 13:00:00+09:00,48376.36,48441.36,48318.86,48343.86,1498
2025-10-09 05:00:00+00:00,2025-10-09 14:00:00+09:00,48343.86,48471.36,48341.36,48406.36,1264
2025-10-09 06:00:00+00:00,2025-10-09 15:00:00+09:00,48411.36,48546.36,48398.86,48506.36,1474
2025-10-09 07:00:00+00:00,2025-10-09 16:00:00+09:00,48506.36,48781.36,48501.36,48691.36,2051
2025-10-09 08:00:00+00:00,2025-10-09 17:00:00+09:00,48691.36,48781.36,48673.86,48698.86,1197
2025-10-09 09:00:00+00:00,2025-10-09 18:00:00+09:00,48698.86,48713.86,48478.86,48493.86,1991
2025-10-09 10:00:00+00:00,2025-10-09 19:00:00+09:00,48496.36,48638.86,48386.36,48583.86,1621
2025-10-09 11:00:00+00:00,2025-10-09 20:00:00+09:00,48583.86,48631.36,48571.36,48608.86,821
2025-10-09 12:00:00+00:00,2025-10-09 21:00:00+09:00,48608.86,48728.86,48601.36,48713.86,856
2025-10-09 13:00:00+00:00,2025-10-09 22:00:00+09:00,48713.86,48888.86,48708.86,48841.36,1557
2025-10-09 14:00:00+00:00,2025-10-09 23:00:00+09:00,48838.86,48886.36,48693.86,48728.86,3675
2025-10-09 15:00:00+00:00,2025-10-10 00:00:00+09:00,48726.36,48798.86,48633.86,48708.86,3544
2025-10-09 16:00:00+00:00,2025-10-10 01:00:00+09:00,48708.86,48738.86,48561.36,48708.86,2757
2025-10-09 17:00:00+00:00,2025-10-10 02:00:00+09:00,48708.86,48726.36,48521.36,48538.86,2119
2025-10-09 18:00:00+00:00,2025-10-10 03:00:00+09:00,48538.86,48551.36,48423.86,48541.36,3409
2025-10-09 19:00:00+00:00,2025-10-10 04:00:00+09:00,48538.86,48558.86,48453.86,48538.86,2017
2025-10-09 20:00:00+00:00,2025-10-10 05:00:00+09:00,48541.36,48621.36,48528.86,48618.86,1342
2025-10-09 21:00:00+00:00,2025-10-10 06:00:00+09:00,48621.36,48633.86,48481.36,48493.86,480
2025-10-09 23:00:00+00:00,2025-10-10 08:00:00+09:00,48549.62,48574.62,48504.62,48569.62,170
2025-10-10 00:00:00+00:00,2025-10-10 09:00:00+09:00,48572.12,48632.12,48459.62,48614.62,1291
2025-10-10 01:00:00+00:00,2025-10-10 10:00:00+09:00,48612.12,48662.12,48214.62,48372.12,4866
2025-10-10 02:00:00+00:00,2025-10-10 11:00:00+09:00,48372.12,48377.12,48177.12,48242.12,2544
2025-10-10 03:00:00+00:00,2025-10-10 12:00:00+09:00,48234.62,48242.12,48084.62,48124.62,1603
2025-10-10 04:00:00+00:00,2025-10-10 13:00:00+09:00,48127.12,48132.12,48007.12,48087.12,1553
2025-10-10 05:00:00+00:00,2025-10-10 14:00:00+09:00,48092.12,48167.12,47967.12,47987.12,2114
2025-10-10 06:00:00+00:00,2025-10-10 15:00:00+09:00,47987.12,48184.62,47969.62,48172.12,1940
2025-10-10 07:00:00+00:00,2025-10-10 16:00:00+09:00,48169.62,48212.12,47342.12,47467.12,3676
2025-10-10 08:00:00+00:00,2025-10-10 17:00:00+09:00,47469.62,47587.12,47252.12,47392.12,1618
2025-10-10 09:00:00+00:00,2025-10-10 18:00:00+09:00,47394.62,47847.12,47337.12,47742.12,2286
2025-10-10 10:00:00+00:00,2025-10-10 19:00:00+09:00,47739.62,47754.62,47387.12,47397.12,2513
2025-10-10 11:00:00+00:00,2025-10-10 20:00:00+09:00,47397.12,47514.62,47339.62,47472.12,1531
2025-10-10 12:00:00+00:00,2025-10-10 21:00:00+09:00,47479.62,47582.12,47474.62,47542.12,1261
2025-10-10 13:00:00+00:00,2025-10-10 22:00:00+09:00,47544.62,47652.12,47522.12,47597.12,1199
2025-10-10 14:00:00+00:00,2025-10-10 23:00:00+09:00,47597.12,47702.12,47529.62,47554.62,2389
2025-10-10 15:00:00+00:00,2025-10-11 00:00:00+09:00,47552.12,47572.12,47267.12,47327.12,3872
2025-10-10 16:00:00+00:00,2025-10-11 01:00:00+09:00,47329.62,47329.62,46452.12,46672.12,13392
2025-10-10 17:00:00+00:00,2025-10-11 02:00:00+09:00,46669.62,46699.62,46364.62,46372.12,7176
2025-10-10 18:00:00+00:00,2025-10-11 03:00:00+09:00,46369.62,46407.12,46212.12,46297.12,5915
2025-10-10 19:00:00+00:00,2025-10-11 04:00:00+09:00,46297.12,46334.62,46037.12,46077.12,4406
2025-10-10 20:00:00+00:00,2025-10-11 05:00:00+09:00,46074.62,46184.62,45822.12,45927.12,5635
2025-10-10 21:00:00+00:00,2025-10-11 06:00:00+09:00,45927.12,45934.62,45142.12,45179.62,2762
2025-10-12 23:00:00+00:00,2025-10-13 08:00:00+09:00,46319.4,46534.4,46229.4,46344.4,1179
2025-10-13 00:00:00+00:00,2025-10-13 09:00:00+09:00,46344.4,46644.4,46211.9,46539.4,2092
2025-10-13 01:00:00+00:00,2025-10-13 10:00:00+09:00,46536.9,46621.9,46309.4,46434.4,3555
2025-10-13 02:00:00+00:00,2025-10-13 11:00:00+09:00,46434.4,46679.4,46354.4,46659.4,2708
2025-10-13 03:00:00+00:00,2025-10-13 12:00:00+09:00,46659.4,46689.4,46549.4,46549.4,1196
2025-10-13 04:00:00+00:00,2025-10-13 13:00:00+09:00,46549.4,46659.4,46401.9,46416.9,1321
2025-10-13 05:00:00+00:00,2025-10-13 14:00:00+09:00,46419.4,46501.9,46374.4,46489.4,1110
2025-10-13 06:00:00+00:00,2025-10-13 15:00:00+09:00,46489.4,46596.9,46454.4,46569.4,1243
2025-10-13 07:00:00+00:00,2025-10-13 16:00:00+09:00,46579.4,46684.4,46524.4,46641.9,1718
2025-10-13 08:00:00+00:00,2025-10-13 17:00:00+09:00,46641.9,46896.9,46634.4,46761.9,1842
2025-10-13 09:00:00+00:00,2025-10-13 18:00:00+09:00,46761.9,46844.4,46621.9,46716.9,2726
2025-10-13 10:00:00+00:00,2025-10-13 19:00:00+09:00,46716.9,46746.9,46666.9,46681.9,1749
2025-10-13 11:00:00+00:00,2025-10-13 20:00:00+09:00,46679.4,46711.9,46599.4,46621.9,1581
2025-10-13 12:00:00+00:00,2025-10-13 21:00:00+09:00,46629.4,46679.4,46444.4,46569.4,3621
2025-10-13 13:00:00+00:00,2025-10-13 22:00:00+09:00,46564.4,46676.9,46516.9,46621.9,2009
2025-10-13 14:00:00+00:00,2025-10-13 23:00:00+09:00,46621.9,46824.4,46564.4,46811.9,5704
2025-10-13 15:00:00+00:00,2025-10-14 00:00:00+09:00,46804.4,46844.4,46694.4,46706.9,5519
2025-10-13 16:00:00+00:00,2025-10-14 01:00:00+09:00,46706.9,46916.9,46681.9,46909.4,3249
2025-10-13 17:00:00+00:00,2025-10-14 02:00:00+09:00,46911.9,47001.9,46876.9,46986.9,2280
2025-10-13 18:00:00+00:00,2025-10-14 03:00:00+09:00,46989.4,47011.9,46886.9,46934.4,1826
2025-10-13 19:00:00+00:00,2025-10-14 04:00:00+09:00,46931.9,47001.9,46884.4,46891.9,1521
2025-10-13 20:00:00+00:00,2025-10-14 05:00:00+09:00,46891.9,46986.9,46871.9,46964.4,1802
2025-10-13 21:00:00+00:00,2025-10-14 06:00:00+09:00,46964.4,46996.9,46919.4,46941.9,442
2025-10-13 23:00:00+00:00,2025-10-14 08:00:00+09:00,46890.16,47015.16,46880.16,47002.66,196
2025-10-14 00:00:00+00:00,2025-10-14 09:00:00+09:00,47002.66,47205.16,46940.16,47190.16,1138
2025-10-14 01:00:00+00:00,2025-10-14 10:00:00+09:00,47190.16,47875.16,47190.16,47575.16,6059
2025-10-14 02:00:00+00:00,2025-10-14 11:00:00+09:00,47575.16,47850.16,47385.16,47780.16,3922
2025-10-14 03:00:00+00:00,2025-10-14 12:00:00+09:00,47780.16,47800.16,47480.16,47480.16,2314
2025-10-14 04:00:00+00:00,2025-10-14 13:00:00+09:00,47480.16,47505.16,47240.16,47262.66,2645
2025-10-14 05:00:00+00:00,2025-10-14 14:00:00+09:00,47260.16,47265.16,46630.16,46835.16,6296
2025-10-14 06:00:00+00:00,2025-10-14 15:00:00+09:00,46835.16,46960.16,46540.16,46755.16,4876
2025-10-14 07:00:00+00:00,2025-10-14 16:00:00+09:00,46755.16,46850.16,46655.16,46745.16,3700
2025-10-14 08:00:00+00:00,2025-10-14 17:00:00+09:00,46750.16,46775.16,46532.66,46640.16,3441
2025-10-14 09:00:00+00:00,2025-10-14 18:00:00+09:00,46640.16,46885.16,46585.16,46865.16,3905
2025-10-14 10:00:00+00:00,2025-10-14 19:00:00+09:00,46867.66,46910.16,46760.16,46765.16,2304
2025-10-14 11:00:00+00:00,2025-10-14 20:00:00+09:00,46762.66,46775.16,46442.66,46572.66,4137
2025-10-14 12:00:00+00:00,2025-10-14 21:00:00+09:00,46572.66,46775.16,46552.66,46727.66,2753
2025-10-14 13:00:00+00:00,2025-10-14 22:00:00+09:00,46727.66,46732.66,46517.66,46640.16,2773
2025-10-14 14:00:00+00:00,2025-10-14 23:00:00+09:00,46637.66,46757.66,46520.16,46745.16,5978
2025-10-14 15:00:00+00:00,2025-10-15 00:00:00+09:00,46745.16,46962.66,46717.66,46907.66,5588
2025-10-14 16:00:00+00:00,2025-10-15 01:00:00+09:00,46907.66,47127.66,46857.66,47097.66,5178
2025-10-14 17:00:00+00:00,2025-10-15 02:00:00+09:00,47097.66,47252.66,47042.66,47175.16,3761
2025-10-14 18:00:00+00:00,2025-10-15 03:00:00+09:00,47172.66,47242.66,47110.16,47190.16,2665
2025-10-14 19:00:00+00:00,2025-10-15 04:00:00+09:00,47190.16,47212.66,47135.16,47157.66,2231
2025-10-14 20:00:00+00:00,2025-10-15 05:00:00+09:00,47157.66,47185.16,46805.16,46937.66,3973
2025-10-14 21:00:00+00:00,2025-10-15 06:00:00+09:00,46935.16,46972.66,46805.16,46932.66,1150
2025-10-14 23:00:00+00:00,2025-10-15 08:00:00+09:00,46890.92,47058.42,46890.92,46958.42,351
2025-10-15 00:00:00+00:00,2025-10-15 09:00:00+09:00,46958.42,47065.92,46950.92,47005.92,917
2025-10-15 01:00:00+00:00,2025-10-15 10:00:00+09:00,47005.92,47265.92,46910.92,47240.92,4391
2025-10-15 02:00:00+00:00,2025-10-15 11:00:00+09:00,47235.92,47325.92,47118.42,47290.92,2246
2025-10-15 03:00:00+00:00,2025-10-15 12:00:00+09:00,47290.92,47478.42,47278.42,47460.92,1627
2025-10-15 04:00:00+00:00,2025-10-15 13:00:00+09:00,47460.92,47530.92,47338.42,47395.92,1654
2025-10-15 05:00:00+00:00,2025-10-15 14:00:00+09:00,47395.92,47625.92,47380.92,47570.92,1538
2025-10-15 06:00:00+00:00,2025-10-15 15:00:00+09:00,47595.92,47785.92,47588.42,47700.92,2665
2025-10-15 07:00:00+00:00,2025-10-15 16:00:00+09:00,47700.92,47785.92,47605.92,47733.42,2310
2025-10-15 08:00:00+00:00,2025-10-15 17:00:00+09:00,47728.42,47813.42,47695.92,47803.42,1530
2025-10-15 09:00:00+00:00,2025-10-15 18:00:00+09:00,47803.42,48025.92,47803.42,47920.92,3168
2025-10-15 10:00:00+00:00,2025-10-15 19:00:00+09:00,47920.92,48118.42,47908.42,48090.92,1834
2025-10-15 11:00:00+00:00,2025-10-15 20:00:00+09:00,48090.92,48148.42,48058.42,48080.92,1135
2025-10-15 12:00:00+00:00,2025-10-15 21:00:00+09:00,48088.42,48150.92,48033.42,48125.92,1591
2025-10-15 13:00:00+00:00,2025-10-15 22:00:00+09:00,48123.42,48218.42,48063.42,48150.92,2067
2025-10-15 14:00:00+00:00,2025-10-15 23:00:00+09:00,48148.42,48153.42,47928.42,48088.42,4375
2025-10-15 15:00:00+00:00,2025-10-16 00:00:00+09:00,48090.92,48240.92,48090.92,48155.92,3816
2025-10-15 16:00:00+00:00,2025-10-16 01:00:00+09:00,48155.92,48188.42,47815.92,47905.92,5283
2025-10-15 17:00:00+00:00,2025-10-16 02:00:00+09:00,47905.92,48053.42,47878.42,47890.92,5086
2025-10-15 18:00:00+00:00,2025-10-16 03:00:00+09:00,47893.42,47940.92,47560.92,47923.42,7353
2025-10-15 19:00:00+00:00,2025-10-16 04:00:00+09:00,47923.42,47998.42,47873.42,47983.42,3566
2025-10-15 20:00:00+00:00,2025-10-16 05:00:00+09:00,47983.42,48003.42,47880.92,47958.42,2993
2025-10-15 21:00:00+00:00,2025-10-16 06:00:00+09:00,47955.92,47998.42,47928.42,47990.92,900
2025-10-15 23:00:00+00:00,2025-10-16 08:00:00+09:00,47959.18,48074.18,47959.18,48016.68,315
2025-10-16 00:00:00+00:00,2025-10-16 09:00:00+09:00,48021.68,48126.68,47981.68,48126.68,998
2025-10-16 01:00:00+00:00,2025-10-16 10:00:00+09:00,48136.68,48191.68,47936.68,48026.68,3886
2025-10-16 02:00:00+00:00,2025-10-16 11:00:00+09:00,48021.68,48106.68,47964.18,48011.68,2293
2025-10-16 03:00:00+00:00,2025-10-16 12:00:00+09:00,48011.68,48111.68,47979.18,48101.68,1511
2025-10-16 04:00:00+00:00,2025-10-16 13:00:00+09:00,48101.68,48169.18,48011.68,48124.18,1428
2025-10-16 05:00:00+00:00,2025-10-16 14:00:00+09:00,48121.68,48281.68,48119.18,48276.68,1051
2025-10-16 06:00:00+00:00,2025-10-16 15:00:00+09:00,48276.68,48316.68,48184.18,48256.68,1646
2025-10-16 07:00:00+00:00,2025-10-16 16:00:00+09:00,48259.18,48416.68,48191.68,48404.18,1997
2025-10-16 08:00:00+00:00,2025-10-16 17:00:00+09:00,48404.18,48466.68,48264.18,48431.68,1915
2025-10-16 09:00:00+00:00,2025-10-16 18:00:00+09:00,48431.68,48439.18,48271.68,48311.68,2055
2025-10-16 10:00:00+00:00,2025-10-16 19:00:00+09:00,48311.68,48421.68,48309.18,48396.68,1363
2025-10-16 11:00:00+00:00,2025-10-16 20:00:00+09:00,48396.68,48441.68,48366.68,48406.68,1056
2025-10-16 12:00:00+00:00,2025-10-16 21:00:00+09:00,48404.18,48461.68,48379.18,48429.18,1112
2025-10-16 13:00:00+00:00,2025-10-16 22:00:00+09:00,48429.18,48469.18,48331.68,48429.18,1866
2025-10-16 14:00:00+00:00,2025-10-16 23:00:00+09:00,48429.18,48489.18,48256.68,48279.18,4467
2025-10-16 15:00:00+00:00,2025-10-17 00:00:00+09:00,48281.68,48424.18,48189.18,48269.18,5795
2025-10-16 16:00:00+00:00,2025-10-17 01:00:00+09:00,48276.68,48359.18,48091.68,48126.68,6239
2025-10-16 17:00:00+00:00,2025-10-17 02:00:00+09:00,48121.68,48201.68,47796.68,48074.18,8895
2025-10-16 18:00:00+00:00,2025-10-17 03:00:00+09:00,48074.18,48161.68,47936.68,48049.18,7588
2025-10-16 19:00:00+00:00,2025-10-17 04:00:00+09:00,48049.18,48064.18,47724.18,47966.68,7672
2025-10-16 20:00:00+00:00,2025-10-17 05:00:00+09:00,47966.68,48021.68,47821.68,47971.68,6425
2025-10-16 21:00:00+00:00,2025-10-17 06:00:00+09:00,47971.68,48006.68,47836.68,47976.68,1292
2025-10-16 23:00:00+00:00,2025-10-17 08:00:00+09:00,47997.43,48064.93,47852.43,47857.43,495
2025-10-17 00:00:00+00:00,2025-10-17 09:00:00+09:00,47857.43,47889.93,47632.43,47752.43,1557
2025-10-17 01:00:00+00:00,2025-10-17 10:00:00+09:00,47752.43,47927.43,47657.43,47862.43,4495
2025-10-17 02:00:00+00:00,2025-10-17 11:00:00+09:00,47864.93,48137.43,47837.43,47879.93,3416
2025-10-17 03:00:00+00:00,2025-10-17 12:00:00+09:00,47879.93,47919.93,47779.93,47814.93,2452
2025-10-17 04:00:00+00:00,2025-10-17 13:00:00+09:00,47814.93,47832.43,47569.93,47714.93,2889
2025-10-17 05:00:00+00:00,2025-10-17 14:00:00+09:00,47712.43,47752.43,47592.43,47612.43,2210
2025-10-17 06:00:00+00:00,2025-10-17 15:00:00+09:00,47612.43,47642.43,47484.93,47534.93,2781
2025-10-17 07:00:00+00:00,2025-10-17 16:00:00+09:00,47534.93,47609.93,47422.43,47439.93,3270
2025-10-17 08:00:00+00:00,2025-10-17 17:00:00+09:00,47442.43,47462.43,46972.43,47124.93,5476
2025-10-17 09:00:00+00:00,2025-10-17 18:00:00+09:00,47127.43,47404.93,47064.93,47364.93,5102
2025-10-17 10:00:00+00:00,2025-10-17 19:00:00+09:00,47364.93,47584.93,47352.43,47457.43,3087
2025-10-17 11:00:00+00:00,2025-10-17 20:00:00+09:00,47459.93,47672.43,47392.43,47637.43,3823
2025-10-17 12:00:00+00:00,2025-10-17 21:00:00+09:00,47639.93,48024.93,47612.43,47917.43,5479
2025-10-17 13:00:00+00:00,2025-10-17 22:00:00+09:00,47919.93,48049.93,47894.93,47947.43,3752
2025-10-17 14:00:00+00:00,2025-10-17 23:00:00+09:00,47947.43,48157.43,47837.43,48037.43,5893
2025-10-17 15:00:00+00:00,2025-10-18 00:00:00+09:00,48034.93,48247.43,47912.43,47947.43,8036
2025-10-17 16:00:00+00:00,2025-10-18 01:00:00+09:00,47944.93,48112.43,47839.93,48064.93,6623
2025-10-17 17:00:00+00:00,2025-10-18 02:00:00+09:00,48064.93,48179.93,48032.43,48079.93,4403
2025-10-17 18:00:00+00:00,2025-10-18 03:00:00+09:00,48079.93,48157.43,47989.93,48142.43,4464
2025-10-17 19:00:00+00:00,2025-10-18 04:00:00+09:00,48139.93,48219.93,48137.43,48169.93,2587
2025-10-17 20:00:00+00:00,2025-10-18 05:00:00+09:00,48169.93,48249.93,48167.43,48202.43,2287
2025-10-17 21:00:00+00:00,2025-10-18 06:00:00+09:00,48202.43,48247.43,48182.43,48234.93,685
2025-10-19 23:00:00+00:00,2025-10-20 08:00:00+09:00,48432.23,48534.73,48379.73,48489.73,526
2025-10-20 00:00:00+00:00,2025-10-20 09:00:00+09:00,48494.73,48549.73,48309.73,48467.23,1045
2025-10-20 01:00:00+00:00,2025-10-20 10:00:00+09:00,48464.73,48819.73,48284.73,48729.73,4303
2025-10-20 02:00:00+00:00,2025-10-20 11:00:00+09:00,48729.73,48949.73,48724.73,48912.23,2996
2025-10-20 03:00:00+00:00,2025-10-20 12:00:00+09:00,48912.23,49027.23,48852.23,48989.73,2074
2025-10-20 04:00:00+00:00,2025-10-20 13:00:00+09:00,48989.73,49022.23,48859.73,48882.23,1860
2025-10-20 05:00:00+00:00,2025-10-20 14:00:00+09:00,48882.23,49019.73,48869.73,48949.73,1690
2025-10-20 06:00:00+00:00,2025-10-20 15:00:00+09:00,48949.73,49102.23,48929.73,49092.23,1608
2025-10-20 07:00:00+00:00,2025-10-20 16:00:00+09:00,49089.73,49282.23,49012.23,49209.73,2273
2025-10-20 08:00:00+00:00,2025-10-20 17:00:00+09:00,49209.73,49289.73,49179.73,49272.23,1440
2025-10-20 09:00:00+00:00,2025-10-20 18:00:00+09:00,49272.23,49292.23,49049.73,49092.23,2429
2025-10-20 10:00:00+00:00,2025-10-20 19:00:00+09:00,49092.23,49272.23,49054.73,49257.23,1920
2025-10-20 11:00:00+00:00,2025-10-20 20:00:00+09:00,49257.23,49334.73,49227.23,49237.23,1704
2025-10-20 12:00:00+00:00,2025-10-20 21:00:00+09:00,49234.73,49374.73,49222.23,49347.23,1474
2025-10-20 13:00:00+00:00,2025-10-20 22:00:00+09:00,49349.73,49404.73,49297.23,49392.23,1354
2025-10-20 14:00:00+00:00,2025-10-20 23:00:00+09:00,49392.23,49602.23,49374.73,49559.73,3462
2025-10-20 15:00:00+00:00,2025-10-21 00:00:00+09:00,49562.23,49752.23,49537.23,49737.23,2730
2025-10-20 16:00:00+00:00,2025-10-21 01:00:00+09:00,49737.23,49737.23,49624.73,49644.73,2407
2025-10-20 17:00:00+00:00,2025-10-21 02:00:00+09:00,49647.23,49684.73,49629.73,49659.73,2055
2025-10-20 18:00:00+00:00,2025-10-21 03:00:00+09:00,49659.73,49714.73,49657.23,49677.23,1026
2025-10-20 19:00:00+00:00,2025-10-21 04:00:00+09:00,49677.23,49709.73,49634.73,49667.23,856
2025-10-20 20:00:00+00:00,2025-10-21 05:00:00+09:00,49667.23,49677.23,49612.23,49622.23,1045
2025-10-20 21:00:00+00:00,2025-10-21 06:00:00+09:00,49622.23,49682.23,49587.23,49599.73,620
2025-10-20 23:00:00+00:00,2025-10-21 08:00:00+09:00,49650.48,49657.98,49595.48,49610.48,239
2025-10-21 00:00:00+00:00,2025-10-21 09:00:00+09:00,49610.48,49815.48,49610.48,49810.48,1006
2025-10-21 01:00:00+00:00,2025-10-21 10:00:00+09:00,49800.48,49810.48,49460.48,49802.98,3793
2025-10-21 02:00:00+00:00,2025-10-21 11:00:00+09:00,49805.48,49922.98,49720.48,49885.48,1988
2025-10-21 03:00:00+00:00,2025-10-21 12:00:00+09:00,49887.98,49962.98,49815.48,49885.48,1464
2025-10-21 04:00:00+00:00,2025-10-21 13:00:00+09:00,49885.48,49945.48,49495.48,49660.48,2732
2025-10-21 05:00:00+00:00,2025-10-21 14:00:00+09:00,49660.48,49712.98,49235.48,49430.48,3664
2025-10-21 06:00:00+00:00,2025-10-21 15:00:00+09:00,49425.48,49590.48,49142.98,49347.98,4178
2025-10-21 07:00:00+00:00,2025-10-21 16:00:00+09:00,49352.98,49370.48,49082.98,49125.48,2654
2025-10-21 08:00:00+00:00,2025-10-21 17:00:00+09:00,49127.98,49212.98,49092.98,49155.48,1519
2025-10-21 09:00:00+00:00,2025-10-21 18:00:00+09:00,49157.98,49260.48,49085.48,49202.98,2710
2025-10-21 10:00:00+00:00,2025-10-21 19:00:00+09:00,49202.98,49385.48,49202.98,49350.48,1567
2025-10-21 11:00:00+00:00,2025-10-21 20:00:00+09:00,49350.48,49485.48,49330.48,49440.48,1708
2025-10-21 12:00:00+00:00,2025-10-21 21:00:00+09:00,49440.48,49550.48,49430.48,49517.98,1399
2025-10-21 13:00:00+00:00,2025-10-21 22:00:00+09:00,49517.98,49530.48,49415.48,49480.48,1267
2025-10-21 14:00:00+00:00,2025-10-21 23:00:00+09:00,49477.98,49507.98,49167.98,49222.98,4614
2025-10-21 15:00:00+00:00,2025-10-22 00:00:00+09:00,49222.98,49500.48,49202.98,49482.98,4288
2025-10-21 16:00:00+00:00,2025-10-22 01:00:00+09:00,49485.48,49492.98,49350.48,49412.98,2690
2025-10-21 17:00:00+00:00,2025-10-22 02:00:00+09:00,49402.98,49492.98,49325.48,49345.48,2217
2025-10-21 18:00:00+00:00,2025-10-22 03:00:00+09:00,49345.48,49412.98,49290.48,49405.48,3207
2025-10-21 19:00:00+00:00,2025-10-22 04:00:00+09:00,49405.48,49427.98,49372.98,49377.98,1326
2025-10-21 20:00:00+00:00,2025-10-22 05:00:00+09:00,49372.98,49377.98,49295.48,49315.48,1143
2025-10-21 21:00:00+00:00,2025-10-22 06:00:00+09:00,49315.48,49340.48,49265.48,49332.98,907
2025-10-21 23:00:00+00:00,2025-10-22 08:00:00+09:00,49336.24,49378.74,49316.24,49376.24,178
2025-10-22 00:00:00+00:00,2025-10-22 09:00:00+09:00,49376.24,49381.24,49213.74,49221.24,736
2025-10-22 01:00:00+00:00,2025-10-22 10:00:00+09:00,49226.24,49296.24,48651.24,48676.24,4269
2025-10-22 02:00:00+00:00,2025-10-22 11:00:00+09:00,48676.24,48986.24,48626.24,48953.74,2608
2025-10-22 03:00:00+00:00,2025-10-22 12:00:00+09:00,48951.24,49126.24,48943.74,49076.24,1295
2025-10-22 04:00:00+00:00,2025-10-22 13:00:00+09:00,49076.24,49361.24,49016.24,49336.24,1978
2025-10-22 05:00:00+00:00,2025-10-22 14:00:00+09:00,49336.24,49431.24,49276.24,49403.74,1974
2025-10-22 06:00:00+00:00,2025-10-22 15:00:00+09:00,49406.24,49418.74,49236.24,49326.24,1958
2025-10-22 07:00:00+00:00,2025-10-22 16:00:00+09:00,49326.24,49613.74,49178.74,49246.24,2402
2025-10-22 08:00:00+00:00,2025-10-22 17:00:00+09:00,49251.24,49263.74,49116.24,49243.74,1337
2025-10-22 09:00:00+00:00,2025-10-22 18:00:00+09:00,49243.74,49253.74,48963.74,49013.74,2920
2025-10-22 10:00:00+00:00,2025-10-22 19:00:00+09:00,49013.74,49106.24,48911.24,49093.74,1847
2025-10-22 11:00:00+00:00,2025-10-22 20:00:00+09:00,49093.74,49113.74,49026.24,49031.24,1234
2025-10-22 12:00:00+00:00,2025-10-22 21:00:00+09:00,49028.74,49051.24,48858.74,48886.24,2657
2025-10-22 13:00:00+00:00,2025-10-22 22:00:00+09:00,48886.24,48986.24,48881.24,48956.24,1627
2025-10-22 14:00:00+00:00,2025-10-22 23:00:00+09:00,48953.74,49121.24,48926.24,49078.74,3758
2025-10-22 15:00:00+00:00,2025-10-23 00:00:00+09:00,49078.74,49111.24,48776.24,48966.24,5872
2025-10-22 16:00:00+00:00,2025-10-23 01:00:00+09:00,48966.24,48991.24,48706.24,48786.24,5265
2025-10-22 17:00:00+00:00,2025-10-23 02:00:00+09:00,48788.74,48803.74,48411.24,48706.24,6739
2025-10-22 18:00:00+00:00,2025-10-23 03:00:00+09:00,48706.24,48741.24,48403.74,48508.74,5607
2025-10-22 19:00:00+00:00,2025-10-23 04:00:00+09:00,48503.74,48648.74,48423.74,48641.24,4965
2025-10-22 20:00:00+00:00,2025-10-23 05:00:00+09:00,48638.74,48788.74,48598.74,48773.74,3292
2025-10-22 21:00:00+00:00,2025-10-23 06:00:00+09:00,48773.74,48806.24,48721.24,48776.24,969
2025-10-22 23:00:00+00:00,2025-10-23 08:00:00+09:00,48749.51,48777.01,48722.01,48767.01,309
2025-10-23 00:00:00+00:00,2025-10-23 09:00:00+09:00,48767.01,48792.01,48607.01,48652.01,987
2025-10-23 01:00:00+00:00,2025-10-23 10:00:00+09:00,48647.01,48712.01,48407.01,48627.01,4088
2025-10-23 02:00:00+00:00,2025-10-23 11:00:00+09:00,48622.01,48774.51,48567.01,48674.51,2685
2025-10-23 03:00:00+00:00,2025-10-23 12:00:00+09:00,48677.01,48729.51,48584.51,48674.51,1685
2025-10-23 04:00:00+00:00,2025-10-23 13:00:00+09:00,48677.01,48734.51,48592.01,48667.01,1620
2025-10-23 05:00:00+00:00,2025-10-23 14:00:00+09:00,48667.01,48692.01,48479.51,48487.01,1721
2025-10-23 06:00:00+00:00,2025-10-23 15:00:00+09:00,48484.51,48669.51,48437.01,48667.01,1724
2025-10-23 07:00:00+00:00,2025-10-23 16:00:00+09:00,48667.01,48709.51,48607.01,48699.51,1920
2025-10-23 08:00:00+00:00,2025-10-23 17:00:00+09:00,48699.51,48784.51,48652.01,48717.01,1284
2025-10-23 09:00:00+00:00,2025-10-23 18:00:00+09:00,48717.01,48784.51,48687.01,48769.51,1835
2025-10-23 10:00:00+00:00,2025-10-23 19:00:00+09:00,48769.51,48822.01,48667.01,48727.01,1492
2025-10-23 11:00:00+00:00,2025-10-23 20:00:00+09:00,48727.01,48804.51,48704.51,48802.01,1159
2025-10-23 12:00:00+00:00,2025-10-23 21:00:00+09:00,48794.51,48814.51,48637.01,48647.01,1829
2025-10-23 13:00:00+00:00,2025-10-23 22:00:00+09:00,48644.51,48664.51,48549.51,48639.51,2200
2025-10-23 14:00:00+00:00,2025-10-23 23:00:00+09:00,48639.51,48952.01,48547.01,48894.51,3427
2025-10-23 15:00:00+00:00,2025-10-24 00:00:00+09:00,48897.01,48922.01,48769.51,48862.01,4576
2025-10-23 16:00:00+00:00,2025-10-24 01:00:00+09:00,48862.01,48969.51,48827.01,48934.51,3475
2025-10-23 17:00:00+00:00,2025-10-24 02:00:00+09:00,48934.51,48977.01,48907.01,48944.51,1586
2025-10-23 18:00:00+00:00,2025-10-24 03:00:00+09:00,48944.51,49029.51,48864.51,49024.51,2157
2025-10-23 19:00:00+00:00,2025-10-24 04:00:00+09:00,49024.51,49039.51,48979.51,49019.51,1107
2025-10-23 20:00:00+00:00,2025-10-24 05:00:00+09:00,49022.01,49032.01,48927.01,48949.51,1155
2025-10-23 21:00:00+00:00,2025-10-24 06:00:00+09:00,48947.01,48982.01,48927.01,48944.51,538
2025-10-23 23:00:00+00:00,2025-10-24 08:00:00+09:00,48920.27,49032.77,48910.27,49020.27,140
2025-10-24 00:00:00+00:00,2025-10-24 09:00:00+09:00,49015.27,49122.77,49005.27,49115.27,555
2025-10-24 01:00:00+00:00,2025-10-24 10:00:00+09:00,49117.77,49275.27,48965.27,49177.77,2771
2025-10-24 02:00:00+00:00,2025-10-24 11:00:00+09:00,49177.77,49337.77,49167.77,49327.77,1321
2025-10-24 03:00:00+00:00,2025-10-24 12:00:00+09:00,49327.77,49367.77,49265.27,49285.27,1083
2025-10-24 04:00:00+00:00,2025-10-24 13:00:00+09:00,49287.77,49442.77,49252.77,49362.77,963
2025-10-24 05:00:00+00:00,2025-10-24 14:00:00+09:00,49360.27,49427.77,49335.27,49342.77,1010
2025-10-24 06:00:00+00:00,2025-10-24 15:00:00+09:00,49340.27,49402.77,49240.27,49277.77,1445
2025-10-24 07:00:00+00:00,2025-10-24 16:00:00+09:00,49277.77,49347.77,49260.27,49260.27,1518
2025-10-24 08:00:00+00:00,2025-10-24 17:00:00+09:00,49262.77,49262.77,49112.77,49167.77,1151
2025-10-24 09:00:00+00:00,2025-10-24 18:00:00+09:00,49165.27,49290.27,49152.77,49270.27,1544
2025-10-24 10:00:00+00:00,2025-10-24 19:00:00+09:00,49267.77,49397.77,49262.77,49380.27,977
2025-10-24 11:00:00+00:00,2025-10-24 20:00:00+09:00,49380.27,49400.27,49335.27,49347.77,599
2025-10-24 12:00:00+00:00,2025-10-24 21:00:00+09:00,49342.77,49382.77,49332.77,49350.27,730
2025-10-24 13:00:00+00:00,2025-10-24 22:00:00+09:00,49350.27,49522.77,49285.27,49422.77,2626
2025-10-24 14:00:00+00:00,2025-10-24 23:00:00+09:00,49425.27,49627.77,49425.27,49577.77,3336
2025-10-24 15:00:00+00:00,2025-10-25 00:00:00+09:00,49577.77,49597.77,49397.77,49442.77,3285
2025-10-24 16:00:00+00:00,2025-10-25 01:00:00+09:00,49442.77,49580.27,49422.77,49540.27,2170
2025-10-24 17:00:00+00:00,2025-10-25 02:00:00+09:00,49540.27,49552.77,49460.27,49492.77,1169
2025-10-24 18:00:00+00:00,2025-10-25 03:00:00+09:00,49490.27,49540.27,49470.27,49540.27,837
2025-10-24 19:00:00+00:00,2025-10-25 04:00:00+09:00,49537.77,49545.27,49510.27,49542.77,638
2025-10-24 20:00:00+00:00,2025-10-25 05:00:00+09:00,49540.27,49552.77,49485.27,49497.77,882
2025-10-24 21:00:00+00:00,2025-10-25 06:00:00+09:00,49500.27,49522.77,49462.77,49507.77,450
2025-10-26 23:00:00+00:00,2025-10-27 08:00:00+09:00,50057.56,50242.56,49942.56,50217.56,502
2025-10-27 00:00:00+00:00,2025-10-27 09:00:00+09:00,50227.56,50262.56,49980.06,50042.56,1143
2025-10-27 01:00:00+00:00,2025-10-27 10:00:00+09:00,50035.06,50402.56,49965.06,50085.06,3511
2025-10-27 02:00:00+00:00,2025-10-27 11:00:00+09:00,50085.06,50507.56,50025.06,50447.56,2575
2025-10-27 03:00:00+00:00,2025-10-27 12:00:00+09:00,50450.06,50450.06,50325.06,50382.56,1192
2025-10-27 04:00:00+00:00,2025-10-27 13:00:00+09:00,50382.56,50420.06,50245.06,50312.56,1324
2025-10-27 05:00:00+00:00,2025-10-27 14:00:00+09:00,50312.56,50395.06,50215.06,50385.06,1194
2025-10-27 06:00:00+00:00,2025-10-27 15:00:00+09:00,50385.06,50485.06,50355.06,50455.06,1008
2025-10-27 07:00:00+00:00,2025-10-27 16:00:00+09:00,50455.06,50585.06,50442.56,50542.56,1178
2025-10-27 08:00:00+00:00,2025-10-27 17:00:00+09:00,50542.56,50632.56,50520.06,50582.56,610
2025-10-27 09:00:00+00:00,2025-10-27 18:00:00+09:00,50585.06,50642.56,50452.56,50540.06,2061
2025-10-27 10:00:00+00:00,2025-10-27 19:00:00+09:00,50542.56,50550.06,50462.56,50527.56,1287
2025-10-27 11:00:00+00:00,2025-10-27 20:00:00+09:00,50527.56,50532.56,50492.56,50500.06,796
2025-10-27 12:00:00+00:00,2025-10-27 21:00:00+09:00,50497.56,50525.06,50385.06,50412.56,1096
2025-10-27 13:00:00+00:00,2025-10-27 22:00:00+09:00,50412.56,50450.06,50387.56,50402.56,1099
2025-10-27 14:00:00+00:00,2025-10-27 23:00:00+09:00,50402.56,50465.06,50350.06,50420.06,2991
2025-10-27 15:00:00+00:00,2025-10-28 00:00:00+09:00,50422.56,50442.56,50340.06,50347.56,2774
2025-10-27 16:00:00+00:00,2025-10-28 01:00:00+09:00,50347.56,50415.06,50342.56,50377.56,1577
2025-10-27 17:00:00+00:00,2025-10-28 02:00:00+09:00,50385.06,50440.06,50362.56,50425.06,896
2025-10-27 18:00:00+00:00,2025-10-28 03:00:00+09:00,50420.06,50435.06,50365.06,50420.06,638
2025-10-27 19:00:00+00:00,2025-10-28 04:00:00+09:00,50417.56,50422.56,50367.56,50382.56,466
2025-10-27 20:00:00+00:00,2025-10-28 05:00:00+09:00,50382.56,50462.56,50367.56,50437.56,752
2025-10-27 21:00:00+00:00,2025-10-28 06:00:00+09:00,50437.56,50520.06,50412.56,50480.06,433
2025-10-27 23:00:00+00:00,2025-10-28 08:00:00+09:00,50483.32,50525.82,50473.32,50498.32,147
2025-10-28 00:00:00+00:00,2025-10-28 09:00:00+09:00,50500.82,50603.32,50335.82,50355.82,613
2025-10-28 01:00:00+00:00,2025-10-28 10:00:00+09:00,50355.82,50458.32,50200.82,50410.82,3195
2025-10-28 02:00:00+00:00,2025-10-28 11:00:00+09:00,50410.82,50440.82,50258.32,50260.82,1599
2025-10-28 03:00:00+00:00,2025-10-28 12:00:00+09:00,50260.82,50455.82,50233.32,50418.32,949
2025-10-28 04:00:00+00:00,2025-10-28 13:00:00+09:00,50420.82,50488.32,50330.82,50465.82,1054
2025-10-28 05:00:00+00:00,2025-10-28 14:00:00+09:00,50463.32,50463.32,50190.82,50215.82,1320
2025-10-28 06:00:00+00:00,2025-10-28 15:00:00+09:00,50215.82,50230.82,50115.82,50173.32,1788
2025-10-28 07:00:00+00:00,2025-10-28 16:00:00+09:00,50173.32,50435.82,50150.82,50373.32,1608
2025-10-28 08:00:00+00:00,2025-10-28 17:00:00+09:00,50373.32,50465.82,50333.32,50348.32,672
2025-10-28 09:00:00+00:00,2025-10-28 18:00:00+09:00,50350.82,50393.32,50243.32,50303.32,2208
2025-10-28 10:00:00+00:00,2025-10-28 19:00:00+09:00,50303.32,50348.32,50303.32,50325.82,1054
2025-10-28 11:00:00+00:00,2025-10-28 20:00:00+09:00,50328.32,50415.82,50328.32,50398.32,936
2025-10-28 12:00:00+00:00,2025-10-28 21:00:00+09:00,50395.82,50480.82,50378.32,50453.32,1092
2025-10-28 13:00:00+00:00,2025-10-28 22:00:00+09:00,50453.32,50475.82,50410.82,50435.82,906
2025-10-28 14:00:00+00:00,2025-10-28 23:00:00+09:00,50433.32,50573.32,50425.82,50505.82,2407
2025-10-28 15:00:00+00:00,2025-10-29 00:00:00+09:00,50505.82,50540.82,50468.32,50483.32,2431
2025-10-28 16:00:00+00:00,2025-10-29 01:00:00+09:00,50483.32,50500.82,50423.32,50490.82,1662
2025-10-28 17:00:00+00:00,2025-10-29 02:00:00+09:00,50493.32,50733.32,50490.82,50680.82,2396
2025-10-28 18:00:00+00:00,2025-10-29 03:00:00+09:00,50678.32,50723.32,50648.32,50720.82,1384
2025-10-28 19:00:00+00:00,2025-10-29 04:00:00+09:00,50723.32,50768.32,50688.32,50708.32,863
2025-10-28 20:00:00+00:00,2025-10-29 05:00:00+09:00,50708.32,50735.82,50645.82,50655.82,1334
2025-10-28 21:00:00+00:00,2025-10-29 06:00:00+09:00,50658.32,50663.32,50620.82,50628.32,472
2025-10-28 23:00:00+00:00,2025-10-29 08:00:00+09:00,50649.08,50669.08,50641.58,50644.08,124
2025-10-29 00:00:00+00:00,2025-10-29 09:00:00+09:00,50644.08,50706.58,50596.58,50701.58,722
2025-10-29 01:00:00+00:00,2025-10-29 10:00:00+09:00,50701.58,50906.58,50651.58,50851.58,3438
2025-10-29 02:00:00+00:00,2025-10-29 11:00:00+09:00,50851.58,51276.58,50811.58,51241.58,2983
2025-10-29 03:00:00+00:00,2025-10-29 12:00:00+09:00,51241.58,51339.08,51184.08,51304.08,1833
2025-10-29 04:00:00+00:00,2025-10-29 13:00:00+09:00,51301.58,51304.08,51161.58,51266.58,1715
2025-10-29 05:00:00+00:00,2025-10-29 14:00:00+09:00,51264.08,51289.08,51091.58,51216.58,1527
2025-10-29 06:00:00+00:00,2025-10-29 15:00:00+09:00,51216.58,51494.08,51214.08,51326.58,2304
2025-10-29 07:00:00+00:00,2025-10-29 16:00:00+09:00,51326.58,51451.58,51291.58,51344.08,1383
2025-10-29 08:00:00+00:00,2025-10-29 17:00:00+09:00,51344.08,51349.08,51269.08,51316.58,556
2025-10-29 09:00:00+00:00,2025-10-29 18:00:00+09:00,51314.08,51514.08,51274.08,51301.58,2432
2025-10-29 10:00:00+00:00,2025-10-29 19:00:00+09:00,51304.08,51311.58,51166.58,51196.58,2235
2025-10-29 11:00:00+00:00,2025-10-29 20:00:00+09:00,51194.08,51374.08,51181.58,51319.08,1427
2025-10-29 12:00:00+00:00,2025-10-29 21:00:00+09:00,51319.08,51351.58,51271.58,51301.58,1323
2025-10-29 13:00:00+00:00,2025-10-29 22:00:00+09:00,51299.08,51316.58,51221.58,51236.58,1402
2025-10-29 14:00:00+00:00,2025-10-29 23:00:00+09:00,51236.58,51264.08,51106.58,51179.08,3281
2025-10-29 15:00:00+00:00,2025-10-30 00:00:00+09:00,51184.08,51204.08,51084.08,51139.08,3630
2025-10-29 16:00:00+00:00,2025-10-30 01:00:00+09:00,51139.08,51241.58,51131.58,51139.08,2521
2025-10-29 17:00:00+00:00,2025-10-30 02:00:00+09:00,51139.08,51199.08,51089.08,51184.08,2135
2025-10-29 18:00:00+00:00,2025-10-30 03:00:00+09:00,51184.08,51214.08,51131.58,51196.58,1430
2025-10-29 19:00:00+00:00,2025-10-30 04:00:00+09:00,51196.58,51254.08,50776.58,51051.58,8584
2025-10-29 20:00:00+00:00,2025-10-30 05:00:00+09:00,51051.58,51096.58,50831.58,51086.58,7567
2025-10-29 21:00:00+00:00,2025-10-30 06:00:00+09:00,51086.58,51159.08,50936.58,51001.58,2423
2025-10-29 23:00:00+00:00,2025-10-30 08:00:00+09:00,50967.34,50967.34,50814.84,50949.84,270
2025-10-30 00:00:00+00:00,2025-10-30 09:00:00+09:00,50949.84,51157.34,50904.84,51144.84,993
2025-10-30 01:00:00+00:00,2025-10-30 10:00:00+09:00,51144.84,51542.34,51099.84,51212.34,6281
2025-10-30 02:00:00+00:00,2025-10-30 11:00:00+09:00,51217.34,51334.84,51032.34,51282.34,4298
2025-10-30 03:00:00+00:00,2025-10-30 12:00:00+09:00,51272.34,51432.34,51237.34,51299.84,1868
2025-10-30 04:00:00+00:00,2025-10-30 13:00:00+09:00,51299.84,51677.34,51244.84,51607.34,2801
2025-10-30 05:00:00+00:00,2025-10-30 14:00:00+09:00,51609.84,51657.34,51007.34,51087.34,7189
2025-10-30 06:00:00+00:00,2025-10-30 15:00:00+09:00,51082.34,51572.34,50987.34,51512.34,3067
2025-10-30 07:00:00+00:00,2025-10-30 16:00:00+09:00,51509.84,51522.34,51234.84,51397.34,2907
2025-10-30 08:00:00+00:00,2025-10-30 17:00:00+09:00,51399.84,51537.34,51289.84,51497.34,1296
2025-10-30 09:00:00+00:00,2025-10-30 18:00:00+09:00,51507.34,51734.84,51502.34,51722.34,3205
2025-10-30 10:00:00+00:00,2025-10-30 19:00:00+09:00,51722.34,51842.34,51597.34,51649.84,2502
2025-10-30 11:00:00+00:00,2025-10-30 20:00:00+09:00,51652.34,51797.34,51617.34,51739.84,2128
2025-10-30 12:00:00+00:00,2025-10-30 21:00:00+09:00,51739.84,51812.34,51722.34,51737.34,1754
2025-10-30 13:00:00+00:00,2025-10-30 22:00:00+09:00,51737.34,51749.84,51479.84,51499.84,3118
2025-10-30 14:00:00+00:00,2025-10-30 23:00:00+09:00,51499.84,51754.84,51362.34,51657.34,5889
2025-10-30 15:00:00+00:00,2025-10-31 00:00:00+09:00,51657.34,51717.34,51449.84,51547.34,7000
2025-10-30 16:00:00+00:00,2025-10-31 01:00:00+09:00,51554.84,51619.84,51459.84,51477.34,4217
2025-10-30 17:00:00+00:00,2025-10-31 02:00:00+09:00,51477.34,51622.34,51457.34,51589.84,3277
2025-10-30 18:00:00+00:00,2025-10-31 03:00:00+09:00,51589.84,51594.84,51459.84,51572.34,3202
2025-10-30 19:00:00+00:00,2025-10-31 04:00:00+09:00,51572.34,51572.34,51419.84,51454.84,2928
2025-10-30 20:00:00+00:00,2025-10-31 05:00:00+09:00,51454.84,51459.84,51274.84,51287.34,3306
2025-10-30 21:00:00+00:00,2025-10-31 06:00:00+09:00,51287.34,51549.84,51267.34,51547.34,1793
2025-10-30 23:00:00+00:00,2025-10-31 08:00:00+09:00,51535.6,51575.6,51505.6,51515.6,211
2025-10-31 00:00:00+00:00,2025-10-31 09:00:00+09:00,51515.6,51718.1,51465.6,51713.1,909
2025-10-31 01:00:00+00:00,2025-10-31 10:00:00+09:00,51730.6,52408.1,51700.6,52198.1,4555
2025-10-31 02:00:00+00:00,2025-10-31 11:00:00+09:00,52198.1,52238.1,51713.1,51958.1,4013
2025-10-31 03:00:00+00:00,2025-10-31 12:00:00+09:00,51958.1,52038.1,51853.1,52025.6,2371
2025-10-31 04:00:00+00:00,2025-10-31 13:00:00+09:00,52025.6,52263.1,51923.1,52203.1,2053
2025-10-31 05:00:00+00:00,2025-10-31 14:00:00+09:00,52200.6,52323.1,52093.1,52278.1,2076
2025-10-31 06:00:00+00:00,2025-10-31 15:00:00+09:00,52278.1,52405.6,52253.1,52283.1,2216
2025-10-31 07:00:00+00:00,2025-10-31 16:00:00+09:00,52278.1,52498.1,52188.1,52365.6,2200
2025-10-31 08:00:00+00:00,2025-10-31 17:00:00+09:00,52365.6,52540.6,52343.1,52530.6,838
2025-10-31 09:00:00+00:00,2025-10-31 18:00:00+09:00,52530.6,52593.1,52443.1,52493.1,3022
2025-10-31 10:00:00+00:00,2025-10-31 19:00:00+09:00,52493.1,52530.6,52375.6,52405.6,1793
2025-10-31 11:00:00+00:00,2025-10-31 20:00:00+09:00,52403.1,52453.1,52375.6,52395.6,1476
2025-10-31 12:00:00+00:00,2025-10-31 21:00:00+09:00,52395.6,52575.6,52328.1,52555.6,1565
2025-10-31 13:00:00+00:00,2025-10-31 22:00:00+09:00,52555.6,52638.1,52423.1,52443.1,2363
2025-10-31 14:00:00+00:00,2025-10-31 23:00:00+09:00,52440.6,52488.1,52345.6,52380.6,4246
